Adisa Isaac,BAL,"$1,026,915",AIsaacBAL
Andrew Vorhees,BAL,"$820,528",AVorheesBAL
Ar'Darius Washington,BAL,"$985,000",AWashingtonBAL
Arthur Maulet,BAL,"$1,500,000",AMauletBAL
Beau Brade,BAL,"$803,333",BBradeBAL
Ben Cleveland,BAL,"$1,500,460",BClevelandBAL
Brandon Stephens,BAL,"$3,326,154",BStephensBAL
Brent Urban,BAL,"$1,152,500",BUrbanBAL
Broderick Washington,BAL,"$4,540,000",BWashingtonBAL
C.J. Ravenell,BAL,"$795,000",CRavenellBAL
Charlie Kolar,BAL,"$1,161,220",CKolarBAL
Chris Board,BAL,"$1,152,500",CBoardBAL
Chris Collier,BAL,"$796,666",CCollierBAL
Christian Matthew,BAL,"$985,000",CMatthewBAL
Corey Bullock,BAL,"$796,166",CBullockBAL
Damarion Williams,BAL,"$1,111,084",DWilliamsBAL
Daniel Faalele,BAL,"$1,185,085",DFaaleleBAL
Darrell Simpson,BAL,"$796,666",DSimpsonBAL
Darrian Dalcourt,BAL,"$796,333",DDalcourtBAL
David Ojabo,BAL,"$2,157,034",DOjaboBAL
Dayton Wade,BAL,"$803,333",DWadeBAL
Deadrin Senat,BAL,"$985,000",DSenatBAL
Deion Jennings,BAL,"$795,666",DJenningsBAL
Deonte Harty,BAL,"$1,152,500",DHartyBAL
Derrick Henry,BAL,"$5,105,000",DHenryBAL
Devin Leary,BAL,"$829,597",DLearyBAL
Devontez Walker,BAL,"$994,463",DWalkerBAL
Emory Jones,BAL,"$795,000",EJonesBAL
Isaiah Likely,BAL,"$1,111,084",ILikelyBAL
Isaiah Washington,BAL,"$796,666",IWashingtonBAL
Jalyn Armour-Davis,BAL,"$1,175,081",JArmour-DavisBAL
Joe Evans,BAL,"$795,333",JEvansBAL
Jordan Stout,BAL,"$1,159,458",JStoutBAL
Jordan Toles,BAL,"$795,666",JTolesBAL
Josh Johnson,BAL,"$1,152,500",JJohnsonBAL
Josh Jones,BAL,"$1,790,000",JJonesBAL
Josh Ross,BAL,"$915,000",JRossBAL
Josh Tupou,BAL,"$985,000",JTupouBAL
Julian Pearl,BAL,"$796,666",JPearlBAL
Justice Hill,BAL,"$2,970,588",JHillBAL
Justin Madubuike,BAL,"$11,000,000",JMadubuikeBAL
Justin Tucker,BAL,"$5,800,000",JTuckerBAL
Ka'dar Hollman,BAL,"$1,055,000",KHollmanBAL
Keaton Mitchell,BAL,"$921,000",KMitchellBAL
Keith Kirkwood,BAL,"$985,000",KKirkwoodBAL
Kyle Hamilton,BAL,"$4,433,206",KHamiltonBAL
Kyle Van Noy,BAL,"$3,625,000",KVanBAL
Lamar Jackson,BAL,"$32,400,000",LJacksonBAL
Malik Cunningham,BAL,"$915,000",MCunninghamBAL
Malik Hamm,BAL,"$795,666",MHammBAL
Malik Harrison,BAL,"$1,292,500",MHarrisonBAL
Marcus Williams,BAL,"$18,027,918",MWilliamsBAL
Mark Andrews,BAL,"$16,907,611",MAndrewsBAL
Marlon Humphrey,BAL,"$22,877,800",MHumphreyBAL
Michael Pierce,BAL,"$4,072,000",MPierceBAL
Mike Rigerman,BAL,"$795,333",MRigermanBAL
Nate Wiggins,BAL,"$2,330,877",NWigginsBAL
Nelson Agholor,BAL,"$2,135,000",NAgholorBAL
Nick Moore,BAL,"$1,455,000",NMooreBAL
Nick Samac,BAL,"$822,461",NSamacBAL
Odafe Oweh,BAL,"$3,608,942",OOwehBAL
Owen Wright,BAL,"$795,000",OWrightBAL
Patrick Mekari,BAL,"$6,350,000",PMekariBAL
Patrick Ricard,BAL,"$5,155,000",PRicardBAL
Qadir Ismail,BAL,"$795,000",QIsmailBAL
Randen Plattner,BAL,"$796,666",RPlattnerBAL
Rasheen Ali,BAL,"$867,467",RAliBAL
Rashod Bateman,BAL,"$3,834,135",RBatemanBAL
Rayshad Nichols,BAL,"$795,000",RNicholsBAL
Riley Sharp,BAL,"$795,833",RSharpBAL
Roger Rosengarten,BAL,"$1,170,421",RRosengartenBAL
Ronnie Stanley,BAL,"$17,050,603",RStanleyBAL
Roquan Smith,BAL,"$13,500,000",RSmithBAL
Ryan Cooper,BAL,"$798,333",RCooperBAL
Sala Aumavae-Laulu,BAL,"$958,298",SAumavae-LauluBAL
Sanoussi Kane,BAL,"$815,733",SKaneBAL
Scotty Washington,BAL,"$795,000",SWashingtonBAL
Sean Ryan,BAL,"$795,000",SRyanBAL
T.J. Tampa,BAL,"$969,614",TTampaBAL
Tashawn Manning,BAL,"$795,000",TManningBAL
Tavius Robinson,BAL,"$1,095,141",TRobinsonBAL
Tramel Walthour,BAL,"$797,166",TWalthourBAL
Travis Jones,BAL,"$1,447,271",TJonesBAL
Trayvon Mullen,BAL,"$985,000",TMullenBAL
Tre Swilling,BAL,"$795,000",TSwillingBAL
Trenton Simpson,BAL,"$1,228,296",TSimpsonBAL
Tykeem Doss,BAL,"$795,000",TDossBAL
Tylan Wallace,BAL,"$1,226,339",TWallaceBAL
Tyler Linderbaum,BAL,"$3,610,444",TLinderbaumBAL
Yvandy Rigby,BAL,"$803,333",YRigbyBAL
Zay Flowers,BAL,"$3,190,100",ZFlowersBAL
